use tdb;

-- 기존 테이블 삭제 (존재할 경우)
DROP TABLE IF EXISTS EMPLOYEE;
DROP TABLE IF EXISTS DEPARTMENT;
DROP TABLE IF EXISTS JOB;
DROP TABLE IF EXISTS LOCATION;
DROP TABLE IF EXISTS NATIONAL;
DROP TABLE IF EXISTS SAL_GRADE;

-- ------------------------------------------------------
--  DDL for Table DEPARTMENT
-- ------------------------------------------------------
CREATE TABLE DEPARTMENT ( 
    DEPT_ID CHAR(2) NOT NULL COMMENT '부서코드', 
    DEPT_TITLE VARCHAR(35) COMMENT '부서명', 
    LOCATION_ID CHAR(2) NOT NULL COMMENT '지역코드',
    PRIMARY KEY (DEPT_ID)
) COMMENT = '부서';

INSERT INTO DEPARTMENT (DEPT_ID, DEPT_TITLE, LOCATION_ID) VALUES ('D1', '인사관리부', 'L1');
INSERT INTO DEPARTMENT (DEPT_ID, DEPT_TITLE, LOCATION_ID) VALUES ('D2', '회계관리부', 'L1');
INSERT INTO DEPARTMENT (DEPT_ID, DEPT_TITLE, LOCATION_ID) VALUES ('D3', '마케팅부', 'L1');
INSERT INTO DEPARTMENT (DEPT_ID, DEPT_TITLE, LOCATION_ID) VALUES ('D4', '국내영업부', 'L1');
INSERT INTO DEPARTMENT (DEPT_ID, DEPT_TITLE, LOCATION_ID) VALUES ('D5', '해외영업1부', 'L2');
INSERT INTO DEPARTMENT (DEPT_ID, DEPT_TITLE, LOCATION_ID) VALUES ('D6', '해외영업2부', 'L3');
INSERT INTO DEPARTMENT (DEPT_ID, DEPT_TITLE, LOCATION_ID) VALUES ('D7', '해외영업3부', 'L4');
INSERT INTO DEPARTMENT (DEPT_ID, DEPT_TITLE, LOCATION_ID) VALUES ('D8', '기술지원부', 'L5');
INSERT INTO DEPARTMENT (DEPT_ID, DEPT_TITLE, LOCATION_ID) VALUES ('D9', '총무부', 'L1');

-- ------------------------------------------------------
--  DDL for Table EMPLOYEE
-- ------------------------------------------------------
CREATE TABLE EMPLOYEE ( 
    EMP_ID VARCHAR(3) NOT NULL COMMENT '사원번호', 
    EMP_NAME VARCHAR(20) NOT NULL COMMENT '직원명', 
    EMP_NO CHAR(14) NOT NULL COMMENT '주민등록번호', 
    EMAIL VARCHAR(25) COMMENT '이메일', 
    PHONE VARCHAR(12) COMMENT '전화번호', 
    DEPT_CODE CHAR(2) COMMENT '부서코드', 
    JOB_CODE CHAR(2) NOT NULL COMMENT '직급코드', 
    SALARY INT COMMENT '급여', 
    BONUS DECIMAL(3,2) COMMENT '보너스율', 
    MANAGER_ID VARCHAR(3) COMMENT '관리자사번', 
    HIRE_DATE DATE COMMENT '입사일', 
    ENT_DATE DATE COMMENT '퇴사일', 
    ENT_YN CHAR(1) DEFAULT 'N' COMMENT '퇴직여부',
    PRIMARY KEY (EMP_ID)
) COMMENT = '사원';

INSERT INTO EMPLOYEE (EMP_ID, EMP_NAME, EMP_NO, EMAIL, PHONE, DEPT_CODE, JOB_CODE, SALARY, BONUS, MANAGER_ID, HIRE_DATE, ENT_DATE, ENT_YN) 
VALUES ('200', '선동일', '900101-1985634', 'sun_di@kh.co.kr', '01099546325', 'D9', 'J1', 8000000, 0.3, NULL, '1990-02-06', NULL, 'N');
INSERT INTO EMPLOYEE (EMP_ID, EMP_NAME, EMP_NO, EMAIL, PHONE, DEPT_CODE, JOB_CODE, SALARY, BONUS, MANAGER_ID, HIRE_DATE, ENT_DATE, ENT_YN) 
VALUES ('201', '송종기', '901120-1548654', 'song_jk@kh.co.kr', '01045686656', 'D9', 'J2', 6000000, NULL, '200', '2001-09-01', NULL, 'N');
INSERT INTO EMPLOYEE (EMP_ID, EMP_NAME, EMP_NO, EMAIL, PHONE, DEPT_CODE, JOB_CODE, SALARY, BONUS, MANAGER_ID, HIRE_DATE, ENT_DATE, ENT_YN) 
VALUES ('202', '노옹철', '861015-1356452', 'no_hc@kh.co.kr', '01066656263', 'D9', 'J2', 3700000, NULL, '201', '2001-01-01', NULL, 'N');
INSERT INTO EMPLOYEE (EMP_ID, EMP_NAME, EMP_NO, EMAIL, PHONE, DEPT_CODE, JOB_CODE, SALARY, BONUS, MANAGER_ID, HIRE_DATE, ENT_DATE, ENT_YN) 
VALUES ('203', '송은희', '631010-2653546', 'song_eh@kh.co.kr', '01077607879', 'D6', 'J4', 2800000, NULL, '204', '1996-05-03', NULL, 'N');
INSERT INTO EMPLOYEE (EMP_ID, EMP_NAME, EMP_NO, EMAIL, PHONE, DEPT_CODE, JOB_CODE, SALARY, BONUS, MANAGER_ID, HIRE_DATE, ENT_DATE, ENT_YN) 
VALUES ('204', '유재식', '660508-1342154', 'yoo_js@kh.co.kr', '01099999129', 'D6', 'J3', 3400000, 0.2, '200', '2000-12-29', NULL, 'N');
INSERT INTO EMPLOYEE (EMP_ID, EMP_NAME, EMP_NO, EMAIL, PHONE, DEPT_CODE, JOB_CODE, SALARY, BONUS, MANAGER_ID, HIRE_DATE, ENT_DATE, ENT_YN) 
VALUES ('205', '정중하', '770102-1357951', 'jung_jh@kh.co.kr', '01036654875', 'D6', 'J3', 3900000, NULL, '204', '1999-09-09', NULL, 'N');
INSERT INTO EMPLOYEE (EMP_ID, EMP_NAME, EMP_NO, EMAIL, PHONE, DEPT_CODE, JOB_CODE, SALARY, BONUS, MANAGER_ID, HIRE_DATE, ENT_DATE, ENT_YN) 
VALUES ('206', '박나라', '630709-2054321', 'pack_nr@kh.co.kr', '01096935222', 'D5', 'J7', 1800000, NULL, '207', '2008-04-02', NULL, 'N');
INSERT INTO EMPLOYEE (EMP_ID, EMP_NAME, EMP_NO, EMAIL, PHONE, DEPT_CODE, JOB_CODE, SALARY, BONUS, MANAGER_ID, HIRE_DATE, ENT_DATE, ENT_YN) 
VALUES ('207', '하이유', '690402-2040612', 'ha_iy@kh.co.kr', '01036654488', 'D5', 'J5', 2200000, 0.1, '200', '1994-07-07', NULL, 'N');
INSERT INTO EMPLOYEE (EMP_ID, EMP_NAME, EMP_NO, EMAIL, PHONE, DEPT_CODE, JOB_CODE, SALARY, BONUS, MANAGER_ID, HIRE_DATE, ENT_DATE, ENT_YN) 
VALUES ('208', '김해술', '870927-1313564', 'kim_hs@kh.co.kr', '01078634444', 'D5', 'J5', 2500000, NULL, '207', '2004-04-30', NULL, 'N');
INSERT INTO EMPLOYEE (EMP_ID, EMP_NAME, EMP_NO, EMAIL, PHONE, DEPT_CODE, JOB_CODE, SALARY, BONUS, MANAGER_ID, HIRE_DATE, ENT_DATE, ENT_YN) 
VALUES ('209', '심봉선', '750206-1325546', 'sim_bs@kh.co.kr', '0113654485', 'D5', 'J3', 3500000, 0.15, '207', '2011-11-11', NULL, 'N');
INSERT INTO EMPLOYEE (EMP_ID, EMP_NAME, EMP_NO, EMAIL, PHONE, DEPT_CODE, JOB_CODE, SALARY, BONUS, MANAGER_ID, HIRE_DATE, ENT_DATE, ENT_YN) 
VALUES ('210', '윤은해', '650505-2356985', 'youn_eh@kh.co.kr', '0179964233', 'D5', 'J7', 2000000, NULL, '207', '2001-02-03', NULL, 'N');
INSERT INTO EMPLOYEE (EMP_ID, EMP_NAME, EMP_NO, EMAIL, PHONE, DEPT_CODE, JOB_CODE, SALARY, BONUS, MANAGER_ID, HIRE_DATE, ENT_DATE, ENT_YN) 
VALUES ('211', '전형돈', '830807-1121321', 'jun_hd@kh.co.kr', '01044432222', 'D8', 'J6', 2000000, NULL, '200', '2012-12-12', NULL, 'N');
INSERT INTO EMPLOYEE (EMP_ID, EMP_NAME, EMP_NO, EMAIL, PHONE, DEPT_CODE, JOB_CODE, SALARY, BONUS, MANAGER_ID, HIRE_DATE, ENT_DATE, ENT_YN) 
VALUES ('212', '장채원', '780923-2234542', 'jang_zw@kh.co.kr', '01066682224', 'D8', 'J6', 2550000, 0.25, '211', '2015-06-17', NULL, 'N');
INSERT INTO EMPLOYEE (EMP_ID, EMP_NAME, EMP_NO, EMAIL, PHONE, DEPT_CODE, JOB_CODE, SALARY, BONUS, MANAGER_ID, HIRE_DATE, ENT_DATE, ENT_YN) 
VALUES ('213', '하동운', '621111-1785463', 'ha_dh@kh.co.kr', '01158456632', NULL, 'J6', 2320000, 0.1, NULL, '1999-12-31', NULL, 'N');
INSERT INTO EMPLOYEE (EMP_ID, EMP_NAME, EMP_NO, EMAIL, PHONE, DEPT_CODE, JOB_CODE, SALARY, BONUS, MANAGER_ID, HIRE_DATE, ENT_DATE, ENT_YN) 
VALUES ('214', '방명수', '940111-1313513', 'bang_ms@kh.co.kr', '01074127545', 'D1', 'J7', 1380000, NULL, '200', '2010-04-04', NULL, 'N');
INSERT INTO EMPLOYEE (EMP_ID, EMP_NAME, EMP_NO, EMAIL, PHONE, DEPT_CODE, JOB_CODE, SALARY, BONUS, MANAGER_ID, HIRE_DATE, ENT_DATE, ENT_YN) 
VALUES ('215', '대북혼', '881130-1050911', 'dae_bh@kh.co.kr', '01088808584', 'D5', 'J5', 3760000, NULL, NULL, '2017-06-19', NULL, 'N');
INSERT INTO EMPLOYEE (EMP_ID, EMP_NAME, EMP_NO, EMAIL, PHONE, DEPT_CODE, JOB_CODE, SALARY, BONUS, MANAGER_ID, HIRE_DATE, ENT_DATE, ENT_YN) 
VALUES ('216', '차태연', '770808-1364897', 'cha_ty@kh.co.kr', '01064643212', 'D1', 'J6', 2780000, 0.2, '214', '2013-03-01', NULL, 'N');
INSERT INTO EMPLOYEE (EMP_ID, EMP_NAME, EMP_NO, EMAIL, PHONE, DEPT_CODE, JOB_CODE, SALARY, BONUS, MANAGER_ID, HIRE_DATE, ENT_DATE, ENT_YN) 
VALUES ('217', '전지연', '770808-2665412', 'jun_jy@kh.co.kr', '01033624442', 'D1', 'J6', 3660000, 0.3, '214', '2007-03-20', NULL, 'N');
INSERT INTO EMPLOYEE (EMP_ID, EMP_NAME, EMP_NO, EMAIL, PHONE, DEPT_CODE, JOB_CODE, SALARY, BONUS, MANAGER_ID, HIRE_DATE, ENT_DATE, ENT_YN) 
VALUES ('218', '이오리', '870427-2232123', 'loo_or@kh.co.kr', '01022306545', NULL, 'J7', 2890000, NULL, NULL, '2016-11-28', NULL, 'N');
INSERT INTO EMPLOYEE (EMP_ID, EMP_NAME, EMP_NO, EMAIL, PHONE, DEPT_CODE, JOB_CODE, SALARY, BONUS, MANAGER_ID, HIRE_DATE, ENT_DATE, ENT_YN) 
VALUES ('219', '임시환', '660712-1212123', 'im_sw@kh.co.kr', NULL, 'D2', 'J4', 1550000, NULL, NULL, '1999-09-09', NULL, 'N');
INSERT INTO EMPLOYEE (EMP_ID, EMP_NAME, EMP_NO, EMAIL, PHONE, DEPT_CODE, JOB_CODE, SALARY, BONUS, MANAGER_ID, HIRE_DATE, ENT_DATE, ENT_YN) 
VALUES ('220', '이중석', '770823-1113111', 'lee_js@kh.co.kr', NULL, 'D2', 'J4', 2490000, NULL, NULL, '2014-09-18', NULL, 'N');
INSERT INTO EMPLOYEE (EMP_ID, EMP_NAME, EMP_NO, EMAIL, PHONE, DEPT_CODE, JOB_CODE, SALARY, BONUS, MANAGER_ID, HIRE_DATE, ENT_DATE, ENT_YN) 
VALUES ('221', '유하진', '800808-1123341', 'yoo_hj@kh.co.kr', NULL, 'D2', 'J4', 2480000, NULL, NULL, '1994-01-20', NULL, 'N');
INSERT INTO EMPLOYEE (EMP_ID, EMP_NAME, EMP_NO, EMAIL, PHONE, DEPT_CODE, JOB_CODE, SALARY, BONUS, MANAGER_ID, HIRE_DATE, ENT_DATE, ENT_YN) 
VALUES ('222', '이태림', '760918-2854697', 'lee_tr@kh.co.kr', '01033000002', 'D8', 'J6', 2436240, 0.35, '100', '1997-09-12', '2017-09-12', 'Y');

-- ------------------------------------------------------
--  DDL for Table JOB
-- ------------------------------------------------------
CREATE TABLE JOB ( 
    JOB_CODE CHAR(2) NOT NULL COMMENT '직급코드', 
    JOB_NAME VARCHAR(35) COMMENT '직급명',
    PRIMARY KEY (JOB_CODE)
) COMMENT = '직급';

INSERT INTO JOB (JOB_CODE, JOB_NAME) VALUES ('J1', '대표');
INSERT INTO JOB (JOB_CODE, JOB_NAME) VALUES ('J2', '부사장');
INSERT INTO JOB (JOB_CODE, JOB_NAME) VALUES ('J3', '부장');
INSERT INTO JOB (JOB_CODE, JOB_NAME) VALUES ('J4', '차장');
INSERT INTO JOB (JOB_CODE, JOB_NAME) VALUES ('J5', '과장');
INSERT INTO JOB (JOB_CODE, JOB_NAME) VALUES ('J6', '대리');
INSERT INTO JOB (JOB_CODE, JOB_NAME) VALUES ('J7', '사원');

-- ------------------------------------------------------
--  DDL for Table LOCATION
-- ------------------------------------------------------
CREATE TABLE LOCATION ( 
    LOCAL_CODE CHAR(2) NOT NULL COMMENT '지역코드', 
    NATIONAL_CODE CHAR(2) NOT NULL COMMENT '국가코드', 
    LOCAL_NAME VARCHAR(40) COMMENT '지역명',
    PRIMARY KEY (LOCAL_CODE)
) COMMENT = '지역';

INSERT INTO LOCATION (LOCAL_CODE, NATIONAL_CODE, LOCAL_NAME) VALUES ('L1', 'KO', 'ASIA1');
INSERT INTO LOCATION (LOCAL_CODE, NATIONAL_CODE, LOCAL_NAME) VALUES ('L2', 'JP', 'ASIA2');
INSERT INTO LOCATION (LOCAL_CODE, NATIONAL_CODE, LOCAL_NAME) VALUES ('L3', 'CH', 'ASIA3');
INSERT INTO LOCATION (LOCAL_CODE, NATIONAL_CODE, LOCAL_NAME) VALUES ('L4', 'US', 'AMERICA');
INSERT INTO LOCATION (LOCAL_CODE, NATIONAL_CODE, LOCAL_NAME) VALUES ('L5', 'RU', 'EU');

-- ------------------------------------------------------
--  DDL for Table NATIONAL
-- ------------------------------------------------------
CREATE TABLE NATIONAL ( 
    NATIONAL_CODE CHAR(2) NOT NULL COMMENT '국가코드', 
    NATIONAL_NAME VARCHAR(35) COMMENT '국가명',
    PRIMARY KEY (NATIONAL_CODE)
) COMMENT = '국가';

INSERT INTO NATIONAL (NATIONAL_CODE, NATIONAL_NAME) VALUES ('KO', '한국');
INSERT INTO NATIONAL (NATIONAL_CODE, NATIONAL_NAME) VALUES ('JP', '일본');
INSERT INTO NATIONAL (NATIONAL_CODE, NATIONAL_NAME) VALUES ('CH', '중국');
INSERT INTO NATIONAL (NATIONAL_CODE, NATIONAL_NAME) VALUES ('US', '미국');
INSERT INTO NATIONAL (NATIONAL_CODE, NATIONAL_NAME) VALUES ('RU', '러시아');

-- ------------------------------------------------------
--  DDL for Table SAL_GRADE
-- ------------------------------------------------------
CREATE TABLE SAL_GRADE ( 
    SAL_LEVEL CHAR(2) NOT NULL COMMENT '급여등급', 
    MIN_SAL INT COMMENT '최소급여', 
    MAX_SAL INT COMMENT '최대급여',
    PRIMARY KEY (SAL_LEVEL)
) COMMENT = '급여등급';

INSERT INTO SAL_GRADE (SAL_LEVEL, MIN_SAL, MAX_SAL) VALUES ('S1', 6000000, 10000000);
INSERT INTO SAL_GRADE (SAL_LEVEL, MIN_SAL, MAX_SAL) VALUES ('S2', 5000000, 5999999);
INSERT INTO SAL_GRADE (SAL_LEVEL, MIN_SAL, MAX_SAL) VALUES ('S3', 4000000, 4999999);
INSERT INTO SAL_GRADE (SAL_LEVEL, MIN_SAL, MAX_SAL) VALUES ('S4', 3000000, 3999999);
INSERT INTO SAL_GRADE (SAL_LEVEL, MIN_SAL, MAX_SAL) VALUES ('S5', 2000000, 2999999);
INSERT INTO SAL_GRADE (SAL_LEVEL, MIN_SAL, MAX_SAL) VALUES ('S6', 1000000, 1999999);

COMMIT;